candidate_name,resume_text
Asha Kumar,"Experienced in Python and Machine Learning. Built NLP pipelines using scikit-learn and TensorFlow. Strong data analysis and SQL skills. Deployed models on AWS."
Ravi Menon,"Java backend developer with Spring Boot experience. Some exposure to SQL and REST APIs. No ML background."
Priya Nair,"Data scientist skilled in ML, deep learning, and text classification. Proficient in PyTorch and scikit-learn. Used Azure for cloud deployment."
Karthik Subramanian,"Machine Learning Engineer with 3 years building Natural Language Processing systems in Python. Daily use of scikit-learn, pandas and NumPy. Trained transformer models in PyTorch. Comfortable with SQL and deploying on AWS with Docker."
Meera Raghavan,"Data analyst. Strong SQL and Excel. Build dashboards in Power BI and Tableau. Some Python for data analysis using pandas. No machine learning experience yet but keen to learn."
Arjun Pillai,"Full stack developer working in JavaScript, React and Node.js. Build REST APIs backed by MongoDB and PostgreSQL. Use Git and Docker daily. Deployed services to GCP."
Divya Krishnan,"Applied scientist working on computer vision and deep learning. Publications on text classification. Expert in PyTorch and TensorFlow. Python, NumPy, statistics. Ran training jobs on Azure."
Sanjay Iyer,"Recent graduate. Coursework in Artificial Intelligence and Machine Learning. Academic projects in Python using scikit-learn. Familiar with SQL and basic statistics. Internship building a small NLP chatbot."
Lakshmi Venkatesh,"Senior data engineer. Build ingestion pipelines in Python. Heavy SQL and PostgreSQL. Orchestrate with Docker and Kubernetes on AWS. Some exposure to machine learning model deployment but not model building."
Rahul Deshpande,"DevOps engineer. Kubernetes, Docker, CI/CD pipelines, Linux administration. Infrastructure on AWS and Azure. Scripting in Python. No data science background."
Nithya Balaji,"NLP researcher. Natural Language Processing, text classification, deep learning. Python, PyTorch, scikit-learn, NumPy, pandas. Strong statistics background. Limited cloud exposure."
Vikram Chandrasekar,"Business analyst. Excel modelling, Tableau dashboards, SQL queries against the data warehouse. Stakeholder reporting. No programming beyond SQL."
